centre_id,address,geometry,operating_hours
0,101 Spruce St,MULTIPOINT ((-79.362233991 43.664194018)),Morning only
1,1033 King St W,MULTIPOINT ((-79.416392031 43.640968279)),Other
2,2555 Eglinton Ave E,MULTIPOINT ((-79.257331568 43.734346444)),Weekend available
3,2700 Dufferin St,MULTIPOINT ((-79.453989688 43.701704914)),Weekend available
4,38 Regent St,MULTIPOINT ((-79.364272448 43.658595115)),Full day
5,402 Shuter St,MULTIPOINT ((-79.361740442 43.657993622)),Afternoon only
6,4139 Sheppard Ave E,MULTIPOINT ((-79.281919408 43.784405672)),Weekend available
7,48 Regent St,MULTIPOINT ((-79.4700872989 43.6810721434)),Full day
8,1102 Broadview Ave,MULTIPOINT ((-79.356320186 43.686573868)),Weekend available
9,91 Barrington Ave,MULTIPOINT ((-79.301568069 43.691772103)),Full day
10,295 Alton Towers Cir,MULTIPOINT ((-79.2781945625 43.8240886996)),Weekend available
11,3223 Kennedy Rd,MULTIPOINT ((-79.302348678 43.816001403)),Weekend available
12,112 Goldhawk Trail,MULTIPOINT ((-79.27855339 43.819268977)),Evening available
13,1515 Albion Rd,MULTIPOINT ((-79.584168211 43.739852868)),Evening available
14,108 Gladstone Ave,MULTIPOINT ((-79.428847257 43.646021246)),Full day
15,105 Grange Crt,MULTIPOINT ((-79.398879122 43.651527546)),Weekend available
16,1507 Lawrence Ave W,MULTIPOINT ((-79.482619313 43.707166096)),Other
17,145 Annette St,MULTIPOINT ((-79.4664443548 43.663312551)),Full day
18,1470 Gerrard St E,MULTIPOINT ((-79.320744196 43.672776552)),Full day
19,60 Woodfield Rd,MULTIPOINT ((-79.321912283 43.666043607)),Full day
20,20 Covington Rd,MULTIPOINT ((-79.432159033 43.720732575)),Other
21,93 Birchmount Rd,MULTIPOINT ((-79.26233166 43.695419466)),Weekend available
22,1700 Wilson Ave,MULTIPOINT ((-79.5125311905 43.7209712989)),Other
23,75 Tandridge Cres,MULTIPOINT ((-79.546722096 43.728881268)),Weekend available
24,15 Tandridge Cres,MULTIPOINT ((-79.548863811 43.728029826)),Full day
25,3410 Sheppard Ave E,MULTIPOINT ((-79.307016964 43.779298032)),Weekend available
26,51 Larchmount Ave,MULTIPOINT ((-79.33333606 43.661035814)),Full day
27,1081 Progress Ave,MULTIPOINT ((-79.234367019 43.794047386)),Afternoon only
28,315 Osler St,MULTIPOINT ((-79.460028798 43.672352804)),Full day
29,3100 Weston Rd,MULTIPOINT ((-79.539619667 43.733696903)),Other
30,2918 Dundas St W,MULTIPOINT ((-79.466846712 43.665749948)),Evening available
31,58 Cecil St,MULTIPOINT ((-79.398591199 43.656459051)),Weekend available
32,21 Gatesview Ave,MULTIPOINT ((-79.2150541311 43.745861417)),Full day
33,255 Coronation Dr,MULTIPOINT ((-79.179765211 43.762418809)),Weekend available
34,20 Lower Spadina Ave,MULTIPOINT ((-79.392517105 43.638107676)),Full day
35,14 Pembroke St,MULTIPOINT ((-79.372319597 43.656582836)),Other
36,100 Chalkfarm Dr,MULTIPOINT ((-79.5143960265 43.7271150174)),Full day
37,1900 Keele St,MULTIPOINT ((-79.475099515 43.69343444)),Full day
38,79 Manning Ave,MULTIPOINT ((-79.409483626 43.648530085)),Full day
39,201 Chester Le Blvd,MULTIPOINT ((-79.331095334 43.798587703)),Full day
40,83 Alexander St,MULTIPOINT ((-79.37917817 43.663608426)),Full day
41,2330 Midland Ave,MULTIPOINT ((-79.2760134035 43.7783886426)),Weekend available
42,180 Shaw St,MULTIPOINT ((-79.417471674 43.646893284)),Weekend available
43,30 Corvette Ave,MULTIPOINT ((-79.262162924 43.72649371)),Full day
44,904 Coxwell Ave,MULTIPOINT ((-79.32849145 43.694303797)),Full day
45,1342 Queen St W,MULTIPOINT ((-79.432016181 43.641732336)),Weekend available
46,4 Massey Sq,MULTIPOINT ((-79.29246651 43.696836744)),Morning only
47,3079 Danforth Ave,MULTIPOINT ((-79.2873753816 43.6911861169)),Weekend available
48,1900 Davenport Rd,MULTIPOINT ((-79.454858588 43.670920013)),Weekend available
49,2990 Islington Ave,MULTIPOINT ((-79.571599292 43.75903803)),Full day
50,21 Panorama Crt,MULTIPOINT ((-79.581525895 43.746302606)),Weekend available
51,121 Parkway Forest Dr,MULTIPOINT ((-79.340704255 43.775367468)),Full day
52,230 The Donway W,MULTIPOINT ((-79.3473852747 43.7388643425)),Morning only
53,1911 Kennedy Rd,MULTIPOINT ((-79.280573332 43.767435692)),Full day
54,100 Close Ave,MULTIPOINT ((-79.435320697 43.636509493)),Full day
55,265 Driftwood Ave,MULTIPOINT ((-79.515004258 43.762971183)),Full day
56,1625 Dufferin St,MULTIPOINT ((-79.44239945 43.676996701)),Full day
57,935 Dundas St E,MULTIPOINT ((-79.348686332 43.662077745)),Full day
58,20 Waldock St,MULTIPOINT ((-79.191280443 43.758963359)),Full day
59,86 Blake St,MULTIPOINT ((-79.339926796 43.675033897)),Weekend available
60,15 Rossburn Dr,MULTIPOINT ((-79.566615072 43.637840779)),Full day
61,230 Birkdale Rd,MULTIPOINT ((-79.265812032 43.766305458)),Full day
62,10 Pittsboro Dr,MULTIPOINT ((-79.590047073 43.736501904)),Full day
63,16 Phin Ave,MULTIPOINT ((-79.336636055 43.679140236)),Weekend available
64,433 Cherry St,MULTIPOINT ((-79.357430153 43.652250055)),Other
65,1965 Weston Rd,MULTIPOINT ((-79.51849122 43.701020703)),Other
66,150 Cherokee Blvd,MULTIPOINT ((-79.337385801 43.7914240774)),Other
67,50 Essex St,MULTIPOINT ((-79.422365484 43.668235743)),Full day
68,555 Harvie Ave,MULTIPOINT ((-79.455405701 43.691703239)),Full day
69,80 Lothian Ave,MULTIPOINT ((-79.519311798 43.639678028)),Other
70,30 Falstaff Ave,MULTIPOINT ((-79.50522006 43.716412521)),Morning only
71,184 Main St,MULTIPOINT ((-79.3006009366 43.6842881172)),Full day
72,270 Firgrove Cres,MULTIPOINT ((-79.519910863 43.752000889)),Full day
73,150 Grenoble Dr,MULTIPOINT ((-79.326603484 43.71353072)),Weekend available
74,10 Flemington Rd,MULTIPOINT ((-79.444454008 43.720087576)),Full day
75,432 Horner Ave,MULTIPOINT ((-79.538033399 43.603664412)),Full day
76,82 Thorncliffe Park Dr,MULTIPOINT ((-79.343551236 43.705577747)),Full day
77,100 Galloway Rd,MULTIPOINT ((-79.193338505 43.757428446)),Morning only
78,30 Turnberry Ave,MULTIPOINT ((-79.464022984 43.678930666)),Full day
79,30 George Anderson Dr,MULTIPOINT ((-79.478948061 43.705453527)),Full day
80,85 Mount Olive Dr,MULTIPOINT ((-79.589145177 43.745892048)),Weekend available
81,800 Burnhamthorpe Rd,MULTIPOINT ((-79.581298369 43.64028992)),Morning only
82,50 Chapman Ave,MULTIPOINT ((-79.299760621 43.7010489)),Full day
83,11 Gadsby Dr,MULTIPOINT ((-79.254062144 43.7382332262)),Full day
84,9 Grenoble Dr,MULTIPOINT ((-79.332759752 43.715431088)),Full day
85,123 Guildwood Pky,MULTIPOINT ((-79.199540244 43.747009016)),Morning only
86,25 Halbert Place,MULTIPOINT ((-79.231736063 43.727649597)),Full day
87,1884 Davenport Rd,MULTIPOINT ((-79.453749486 43.670812011)),Full day
88,14 Centre St,MULTIPOINT ((-79.221409074 43.743801726)),Full day
89,3550 Ellesmere Rd,MULTIPOINT ((-79.1752378239 43.7900692631)),Full day
90,35 Glendower Circt,MULTIPOINT ((-79.30026234 43.794419906)),Full day
91,3530 Sheppard Ave E,MULTIPOINT ((-79.302695677 43.781293598)),Full day
92,285 Indian Road Cres,MULTIPOINT ((-79.460077902 43.662528729)),Full day
93,231 Ava Rd,MULTIPOINT ((-79.4363085191 43.6949553843)),Full day
94,1900 Sheppard Ave W,MULTIPOINT ((-79.509714967 43.740025128)),Weekend available
95,1911 Finch Ave W,MULTIPOINT ((-79.515458385 43.756929225)),Evening available
96,1906 Sheppard Ave W,MULTIPOINT ((-79.510032423 43.739951803)),Other
97,1541 Jane St,MULTIPOINT ((-79.501916107 43.698383345)),Weekend available
98,48 Thorncliffe Park Dr,MULTIPOINT ((-79.342736826 43.702947408)),Morning only
99,95 Mimico Ave,MULTIPOINT ((-79.494418001 43.611855735)),Morning only
100,431 McCowan Rd,MULTIPOINT ((-79.239886514 43.744044251)),Full day
101,270 Manse Rd,MULTIPOINT ((-79.175497546 43.767044034)),Full day
102,26 Joyce Pky,MULTIPOINT ((-79.463757489 43.709775397)),Afternoon only
103,200 Wolverleigh Blvd,MULTIPOINT ((-79.3225159292 43.6856915884)),Weekend available
104,90 Kingslake Rd,MULTIPOINT ((-79.345530245 43.78478191)),Full day
105,1 York Rd,MULTIPOINT ((-79.550789124 43.697866656)),Full day
106,25 Seminole Ave,MULTIPOINT ((-79.249785031 43.74529228)),Full day
107,185 Fifth St,MULTIPOINT ((-79.50343066 43.603564725)),Weekend available
108,3735 Dundas St W,MULTIPOINT ((-79.499393828 43.665189036)),Full day
109,3381 Lake Shore Blvd W,MULTIPOINT ((-79.5271940528 43.59557452)),Morning only
110,350 Parliament St,MULTIPOINT ((-79.366955064 43.660824533)),Full day
111,50 Southlawn Dr,MULTIPOINT ((-79.291347867 43.796580758)),Full day
112,400 Rockcliffe Blvd,MULTIPOINT ((-79.488893823 43.673865137)),Other
113,136 Ingleton Blvd,MULTIPOINT ((-79.267470043 43.821788453)),Evening available
114,31 Tapscott Rd,MULTIPOINT ((-79.2220104681 43.8065931051)),Weekend available
115,1321 Neilson Rd,MULTIPOINT ((-79.218864561 43.808288047)),Weekend available
116,30 Sewells Rd,MULTIPOINT ((-79.216386233 43.808567708)),Morning only
117,90 Littles Rd,MULTIPOINT ((-79.205286682 43.818292292)),Weekend available
118,301 Culford Rd,MULTIPOINT ((-79.4902784881 43.7148592311)),Full day
119,246 The Esplanade,MULTIPOINT ((-79.364741398 43.649850379)),Full day
120,78 Mason Rd,MULTIPOINT ((-79.225654595 43.739056437)),Full day
121,155 McNicoll Ave,MULTIPOINT ((-79.358084393 43.798981667)),Evening available
122,4325 McCowan Rd,MULTIPOINT ((-79.274140964 43.829604216)),Full day
123,701 Military Trail,MULTIPOINT ((-79.197116974 43.78911549)),Full day
124,47 Station Rd,MULTIPOINT ((-79.493741788 43.614793046)),Full day
125,220 Cowan Ave,MULTIPOINT ((-79.433145853 43.640780034)),Evening available
126,110 Mornelle Crt,MULTIPOINT ((-79.194414059 43.786495688)),Evening available
127,180 Carlaw Ave,MULTIPOINT ((-79.34016669 43.660166916)),Full day
128,32 Heath St W,MULTIPOINT ((-79.396549387 43.690217265)),Weekend available
129,646 St Clair Ave W,MULTIPOINT ((-79.424475498 43.682271269)),Morning only
130,1290 Weston Rd,MULTIPOINT ((-79.495816206 43.689026995)),Weekend available
131,16 Spadina Rd,MULTIPOINT ((-79.405044271 43.66814977)),Other
132,440 Shuter St,MULTIPOINT ((-79.360552779 43.658251185)),Full day
133,123B Rexdale Blvd,MULTIPOINT ((-79.5652441779 43.7113836679)),Weekend available
134,1665 O'Connor Dr,MULTIPOINT ((-79.3041553523 43.7165159199)),Full day
135,110 Byng Ave,MULTIPOINT ((-79.281588756 43.695467597)),Full day
136,341 Oakwood Ave,MULTIPOINT ((-79.4381553633 43.6865837941)),Full day
137,1444 Queen St E,MULTIPOINT ((-79.322771049 43.665266265)),Other
138,30 College St,MULTIPOINT ((-79.384557612 43.6613419611)),Evening available
139,62 Orchard Park Dr,MULTIPOINT ((-79.179604611 43.774182614)),Weekend available
140,125 Glenmount Ave,MULTIPOINT ((-79.431699389 43.716370351)),Morning only
141,220 Langley Ave,MULTIPOINT ((-79.341893614 43.670351882)),Full day
142,1117 Gerrard St E,MULTIPOINT ((-79.333484346 43.669453399)),Full day
143,78 Seaforth Ave,MULTIPOINT ((-79.436798578 43.643187286)),Full day
144,31 Redgrave Dr,MULTIPOINT ((-79.569757847 43.682287772)),Full day
145,100 Pauline Ave,MULTIPOINT ((-79.43914367 43.662489102)),Morning only
146,374 Sheppard Ave E,MULTIPOINT ((-79.3935337 43.766082378)),Morning only
147,288 Pleasant Ave,MULTIPOINT ((-79.434557685 43.789955418)),Full day
148,5450 Lawrence Ave E,MULTIPOINT ((-79.140213452 43.779512568)),Morning only
149,100 Sidney Belsey Cres,MULTIPOINT ((-79.509766886 43.692296186)),Full day
150,291 Sherbourne St,MULTIPOINT ((-79.371478374 43.6606135066)),Other
151,60 Rockford Rd,MULTIPOINT ((-79.452441411 43.785800519)),Full day
152,151 Hiawatha Rd,MULTIPOINT ((-79.32307648 43.673873274)),Full day
153,200 Ronson Dr,MULTIPOINT ((-79.5696409274 43.6940080591)),Weekend available
154,675 Ontario St,MULTIPOINT ((-79.372788102 43.670316471)),Full day
155,990 Jane St,MULTIPOINT ((-79.4990642754 43.6812353739)),Full day
156,11 Roywood Dr,MULTIPOINT ((-79.3217764059 43.7647326766)),Full day
157,96 Denison Ave,MULTIPOINT ((-79.402379732 43.651281707)),Full day
158,80 Sackville St,MULTIPOINT ((-79.361734192 43.655488937)),Full day
159,2152 Kipling Ave,MULTIPOINT ((-79.5714638712 43.7199497931)),Evening available
160,707 Dundas St W,MULTIPOINT ((-79.404893891 43.651785704)),Weekend available
161,3478 Lawrence Ave E,MULTIPOINT ((-79.227453282 43.759771922)),Weekend available
162,4110 Lawrence Ave E,MULTIPOINT ((-79.193922136 43.767386062)),Evening available
163,156A Galloway Rd,MULTIPOINT ((-79.195138827 43.762449888)),Full day
164,1025 Scarlett Rd,MULTIPOINT ((-79.5253118023 43.7006762308)),Morning only
165,71 Second St,MULTIPOINT ((-79.500022907 43.603725079)),Full day
166,101 Barrington Ave,MULTIPOINT ((-79.301831245 43.692378893)),Full day
167,1430 Sheppard Ave W,MULTIPOINT ((-79.488260657 43.745424353)),Full day
168,38 Shirley St,MULTIPOINT ((-79.436722167 43.648524232)),Full day
169,31 Shoreham Dr,MULTIPOINT ((-79.517387964 43.768799546)),Full day
170,1645 Sheppard Ave W,MULTIPOINT ((-79.4959297487 43.7424154325)),Evening available
171,300 Kane Ave,MULTIPOINT ((-79.46941511 43.687249419)),Full day
172,765 Queen St E,MULTIPOINT ((-79.347569552 43.659191904)),Weekend available
173,70 Spruce St,MULTIPOINT ((-79.36382992 43.664486002)),Full day
174,49 Donlands Ave,MULTIPOINT ((-79.3370372373 43.6810032868)),Other
175,111 Cactus Ave,MULTIPOINT ((-79.433262284 43.791910563)),Full day
176,3521 Finch Ave E,MULTIPOINT ((-79.309250776 43.797523549)),Full day
177,843 Palmerston Ave,MULTIPOINT ((-79.415679242 43.671409987)),Weekend available
178,1125 Midland Ave,MULTIPOINT ((-79.261510742 43.743641037)),Full day
179,220 Mount Olive Dr,MULTIPOINT ((-79.596902843 43.754521497)),Full day
180,130 Shanly St,MULTIPOINT ((-79.434920839 43.663604792)),Full day
181,25 Janray Dr,MULTIPOINT ((-79.219060612 43.762468723)),Full day
182,30 Washburn Way,MULTIPOINT ((-79.2285151089 43.7972498361)),Full day
183,20 Stong Crt,MULTIPOINT ((-79.518064126 43.762342122)),Morning only
184,155 John Garland Blvd,MULTIPOINT ((-79.5917430392 43.7315012917)),Full day
185,333 Firgrove Cres,MULTIPOINT ((-79.519124513 43.754132912)),Afternoon only
186,1196 College St,MULTIPOINT ((-79.436156328 43.652084574)),Full day
187,66 Sheridan Ave,MULTIPOINT ((-79.433443582 43.64734406)),Full day
188,175 Grenoble Dr,MULTIPOINT ((-79.32984789 43.712453971)),Full day
189,173 Front St E,MULTIPOINT ((-79.3683961177 43.6501136636)),Weekend available
190,3672 Lake Shore Blvd W,MULTIPOINT ((-79.538179289 43.594476737)),Full day
191,235 Galloway Rd,MULTIPOINT ((-79.195821226 43.767950553)),Full day
192,75 Alexmuir Blvd,MULTIPOINT ((-79.285091952 43.808230661)),Full day
193,270 Laughton Ave,MULTIPOINT ((-79.45779303 43.674012901)),Full day
194,3220 Lawrence Ave E,MULTIPOINT ((-79.240559927 43.757482394)),Full day
195,1685 Finch Ave W,MULTIPOINT ((-79.502594114 43.760045944)),Morning only
196,10 John Tabor Trail,MULTIPOINT ((-79.211827407 43.806193449)),Full day
197,851 Royal York Rd,MULTIPOINT ((-79.508920952 43.6427466413)),Other
198,851 Royal York Rd,MULTIPOINT ((-79.508920952 43.6427466413)),Full day
199,69 Pritchard Ave,MULTIPOINT ((-79.491126771 43.669251383)),Full day
200,644 Warden Ave,MULTIPOINT ((-79.277287739 43.700037759)),Full day
201,302 Spadina Ave,MULTIPOINT ((-79.39859011 43.65334151)),Evening available
202,2 Gledhill Ave,MULTIPOINT ((-79.309286466 43.68754833)),Morning only
203,519 Church St,MULTIPOINT ((-79.38094262 43.666551956)),Weekend available
204,826 Bloor St W,MULTIPOINT ((-79.423005534 43.662671722)),Full day
205,45 Golfdown Dr,MULTIPOINT ((-79.552113787 43.722227299)),Full day
206,2395 Bayview Ave,MULTIPOINT ((-79.3805264909 43.7347500305)),Morning only
207,69 Nightstar Rd,MULTIPOINT ((-79.226125413 43.824299805)),Afternoon only
208,43 Gerrard St E,MULTIPOINT ((-79.3790567334 43.6596014581)),Weekend available
209,45 Overlea Blvd,MULTIPOINT ((-79.346255672 43.705538116)),Weekend available
210,3190 Lake Shore Blvd W,MULTIPOINT ((-79.519938243 43.597977149)),Full day
211,1260 Dufferin St,MULTIPOINT ((-79.439270611 43.667315005)),Morning only
212,74 Firvalley Crt,MULTIPOINT ((-79.278124242 43.70393994)),Morning only
213,627 Queens Quay W,MULTIPOINT ((-79.397765685 43.635405521)),Evening available
214,47 Cowley Ave,MULTIPOINT ((-79.560801624 43.65047134)),Full day
215,248 Ossington Ave,MULTIPOINT ((-79.4212130658 43.6497816627)),Weekend available
216,313 Pharmacy Ave,MULTIPOINT ((-79.2846817825 43.701416363)),Full day
217,95 Chapman Rd,MULTIPOINT ((-79.5196593 43.689096127)),Afternoon only
218,8 Templar Dr,MULTIPOINT ((-79.5549135046 43.6876771476)),Other
219,1050 Pharmacy Ave,MULTIPOINT ((-79.304114891 43.740153034)),Full day
220,105 Invergordon Ave,MULTIPOINT ((-79.247205815 43.787272101)),Full day
221,45 Windover Dr,MULTIPOINT ((-79.2095817268 43.7612067055)),Full day
222,330 Wilmington Ave,MULTIPOINT ((-79.460498024 43.768558382)),Full day
223,40 Dormington Dr,MULTIPOINT ((-79.22700167 43.77950279)),Full day
224,1571 Sandhurst Cir,MULTIPOINT ((-79.2693152889 43.8092293409)),Full day
225,160 Eglinton Ave E,MULTIPOINT ((-79.3936923822 43.7080358571)),Weekend available
226,30 Sheppard Ave E,MULTIPOINT ((-79.410074457 43.762079357)),Weekend available
227,1785 Finch Ave W,MULTIPOINT ((-79.50735919 43.758964884)),Other
228,25 Yorkwoods Gate,MULTIPOINT ((-79.513884747 43.75065984)),Full day
229,3090 Kingston Rd,MULTIPOINT ((-79.231548032 43.726309101)),Evening available
