neighbourhood_name,children_0_4,median_age_population,median_after_tax_income_2020_over_15,after_tax_bottom_half_distribution,    In bottom decile,    In second decile,    In third decile,    In fourth decile,    In fifth decile,    In sixth decile,    In seventh decile,    In eighth decile,    In ninth decile,    In top decile,inequality_index,count_of_children,single_moms,is_nia,AREA_NAME,childcare_centres_count,centres_per_100_children,centres_per_1000_children
West Humber-Clairville,1460,38,31600,17320,3430,3460,3270,3585,3580,3850,3725,3485,3300,1610,0.2,7090,1695,False,West Humber-Clairville,4.0,0.273972602739726,2.73972602739726
Mount Olive-Silverstone-Jamestown,1650,36,28400,21365,4465,4885,4645,3915,3460,3505,2635,2155,1240,455,0.2,6830,2060,True,Mount Olive-Silverstone-Jamestown,5.0,0.30303030303030304,3.0303030303030303
Thistletown-Beaumond Heights,505,39.2,30600,5790,1215,1030,1160,1240,1145,985,905,845,735,595,0.3,2110,540,True,,0.0,0.0,0.0
Rexdale-Kipling,505,42,31800,5795,1390,1155,1225,1105,925,1155,925,1010,1035,460,0.3,2220,630,False,,0.0,0.0,0.0
Elms-Old Rexdale,440,38.4,32400,5150,1075,1045,1250,1030,750,955,1365,740,740,405,0.3,1735,740,True,Elms-Old Rexdale,3.0,0.6818181818181818,6.8181818181818175
Kingsview Village-The Westway,1245,38.8,32400,13205,2890,2935,2675,2825,1880,1860,1985,1775,1850,1340,0.3,4690,1425,True,Kingsview Village-The Westway,2.0,0.1606425702811245,1.606425702811245
Willowridge-Martingrove-Richview,1065,44.4,37200,10350,1770,2355,2070,2155,2000,2150,2265,2310,2625,2745,0.3,5165,1195,False,Willowridge-Martingrove-Richview,1.0,0.09389671361502347,0.9389671361502347
Humber Heights-Westmount,395,47.2,36400,4655,905,1205,970,890,675,935,1070,850,1250,1245,0.4,2195,605,False,Humber Heights-Westmount,2.0,0.5063291139240507,5.063291139240507
Edenbridge-Humber Valley,520,46.8,42400,5950,1105,1095,1215,1130,1395,1055,1055,1185,1470,4470,0.5,3720,665,False,,0.0,0.0,0.0
Princess-Rosethorn,545,46,50400,2510,595,445,505,515,450,665,835,930,1660,4570,0.4,3280,330,False,,0.0,0.0,0.0
Eringate-Centennial-West Deane,800,46.4,40000,6525,870,1345,1295,1370,1645,1830,2005,2555,2725,2810,0.3,4825,835,False,,0.0,0.0,0.0
Markland Wood,345,50.8,42800,3205,440,770,635,700,655,1100,1145,1055,1615,2255,0.3,2695,395,False,Markland Wood,1.0,0.2898550724637681,2.898550724637681
Etobicoke West Mall,630,39.6,35600,6400,1135,1415,1295,1200,1355,1315,965,1250,1050,890,0.3,2685,690,False,Etobicoke West Mall,1.0,0.15873015873015872,1.5873015873015872
Kingsway South,290,48,61600,1385,350,245,315,135,335,370,530,460,1135,4980,0.4,2630,170,False,,0.0,0.0,0.0
Stonegate-Queensway,1345,43.6,43200,9250,2000,1920,1970,1545,1820,1795,2015,2490,3280,6820,0.4,6935,845,False,Stonegate-Queensway,3.0,0.22304832713754646,2.2304832713754648
New Toronto,590,40.4,34800,6290,1755,1290,1240,900,1105,905,870,865,1315,1095,0.3,2270,555,False,New Toronto,3.0,0.5084745762711864,5.084745762711864
Long Branch,610,39.6,41200,5310,1315,1040,1155,960,850,970,815,1050,1400,1815,0.3,2235,545,False,Long Branch,2.0,0.32786885245901637,3.278688524590164
Alderwood,720,43.2,40800,4710,760,845,890,1025,1200,1190,1435,1380,1780,2095,0.3,3305,475,False,Alderwood,1.0,0.1388888888888889,1.3888888888888888
Humber Summit,525,40.8,29800,7500,1320,1725,1415,1670,1370,1080,1195,1015,960,435,0.3,2690,660,True,Humber Summit,1.0,0.19047619047619047,1.9047619047619047
Humbermede,990,37.6,30600,11030,2175,2440,2245,2140,2025,1840,1505,1005,1110,460,0.3,3490,1220,True,Humbermede,1.0,0.10101010101010101,1.0101010101010102
Pelmo Park-Humberlea,565,40.8,35200,4975,800,960,870,1110,1235,1345,1340,1245,1550,835,0.2,2840,555,False,,0.0,0.0,0.0
Black Creek,1165,37.6,28200,15765,3665,3845,2870,2910,2475,1815,1545,1185,645,185,0.2,3800,2020,True,Black Creek,3.0,0.2575107296137339,2.575107296137339
Glenfield-Jane Heights,1455,40,29000,19585,4225,4750,4005,3600,2995,2885,2795,2690,1520,550,0.2,5220,2800,True,Glenfield-Jane Heights,7.0,0.48109965635738833,4.810996563573884
York University Heights,1260,35.6,30600,17920,4410,3835,3625,3205,2855,2865,2390,2185,1960,935,0.3,5200,1810,True,York University Heights,2.0,0.15873015873015872,1.5873015873015872
Rustic,470,40.4,29800,6040,1495,1575,1200,960,815,775,840,705,585,440,0.3,1755,1010,True,Rustic,1.0,0.2127659574468085,2.127659574468085
Maple Leaf,450,43.6,34000,5230,835,1115,1140,1080,1055,1060,840,765,1020,930,0.3,2360,535,False,Maple Leaf,1.0,0.2222222222222222,2.2222222222222223
Brookhaven-Amesbury,990,38.4,32400,10955,2085,2375,2335,1970,2190,1725,1720,1185,1105,810,0.3,3775,1480,False,Brookhaven-Amesbury,3.0,0.30303030303030304,3.0303030303030303
Yorkdale-Glen Park,735,39.6,33600,8820,1990,1980,1610,1560,1680,1530,1575,1775,1610,1315,0.3,3365,960,False,Yorkdale-Glen Park,1.0,0.13605442176870747,1.3605442176870748
Englemount-Lawrence,1395,38.4,34400,11170,2450,2230,2225,2220,2040,1560,1845,1735,1890,3080,0.4,4490,1170,False,Englemount-Lawrence,3.0,0.21505376344086022,2.150537634408602
Clanton Park,945,38.8,38000,7635,1800,1505,1395,1310,1630,1780,1625,1750,1985,2850,0.3,4100,765,False,,0.0,0.0,0.0
Bathurst Manor,735,42.4,34800,7400,1765,1460,1455,1240,1480,1430,1685,1460,1865,2120,0.3,3820,770,False,Bathurst Manor,1.0,0.13605442176870747,1.3605442176870748
Westminster-Branson,1255,44,31200,15430,3205,3015,3445,3005,2755,2390,2535,2135,1630,1585,0.3,5685,1410,False,Westminster-Branson,1.0,0.0796812749003984,0.7968127490039841
Newtonbrook West,940,42,30600,14260,3855,2970,2675,2505,2255,2290,2025,1750,1645,1830,0.3,4885,1255,False,Newtonbrook West,2.0,0.2127659574468085,2.127659574468085
Willowdale West,540,40,34800,8715,3195,1655,1425,1300,1140,1125,1340,1290,2035,2655,0.4,3555,585,False,,0.0,0.0,0.0
Lansing-Westgate,710,39.6,40000,6750,1960,980,1170,1245,1395,1180,1080,1470,1540,3885,0.4,3955,510,False,,0.0,0.0,0.0
Bedford Park-Nortown,1065,44,47200,6030,1510,1095,1225,1140,1060,1310,1275,1540,2120,9870,0.4,6055,625,False,,0.0,0.0,0.0
St.Andrew-Windfields,540,45.2,41200,6555,2010,1135,1285,945,1185,1105,1150,1155,1660,5325,0.5,4445,740,False,,0.0,0.0,0.0
Bridle Path-Sunnybrook-York Mills,275,49.2,60000,2025,710,390,290,365,280,195,270,605,830,5010,0.6,2520,265,False,Bridle Path-Sunnybrook-York Mills,1.0,0.36363636363636365,3.6363636363636362
Banbury-Don Mills,990,48.4,41600,11030,2565,2205,2275,1955,2035,2225,2415,2575,3075,5825,0.4,6170,1090,False,Banbury-Don Mills,1.0,0.10101010101010101,1.0101010101010102
Victoria Village,880,42.4,32000,10740,2655,2115,2320,1995,1650,1580,1235,1310,1230,1265,0.3,3745,1080,True,Victoria Village,1.0,0.11363636363636363,1.1363636363636362
Flemingdon Park,1390,36,28800,16070,3850,3580,3415,2785,2435,2000,1510,1275,1050,620,0.3,5330,1225,True,Flemingdon Park,3.0,0.2158273381294964,2.158273381294964
Pleasant View,420,45.2,32000,7965,1825,1440,1675,1680,1345,1485,1345,1420,1785,1210,0.3,3605,675,False,Pleasant View,1.0,0.2380952380952381,2.3809523809523814
Don Valley Village,1210,41.2,32400,15215,3520,2935,2900,2850,3005,2480,2360,2625,1970,2125,0.3,6490,1280,False,Don Valley Village,1.0,0.08264462809917356,0.8264462809917356
Hillcrest Village,455,49.6,31800,8315,2380,1740,1535,1290,1370,1520,1400,1320,2030,1755,0.3,3820,795,False,Hillcrest Village,1.0,0.21978021978021978,2.197802197802198
Bayview Woods-Steeles,360,50,34400,5510,1315,1395,1010,860,920,1065,1030,1245,1310,1920,0.3,2720,620,False,,0.0,0.0,0.0
Newtonbrook East,515,42.4,31800,8230,2700,1720,1360,1170,1280,1110,1345,1235,1265,2160,0.4,3475,590,False,,0.0,0.0,0.0
Bayview Village,855,39.2,38800,10490,3420,2015,1600,1745,1705,1880,1805,2240,2485,3430,0.4,4500,895,False,,0.0,0.0,0.0
Henry Farm,1070,32.8,35600,11870,3395,2095,2135,2050,2190,1625,1785,1925,1435,1190,0.3,4310,820,False,Henry Farm,1.0,0.09345794392523366,0.9345794392523364
O`Connor Parkview,935,42,34800,9760,2210,2015,1780,1850,1905,1565,1540,1530,1905,2105,0.3,4145,1000,False,,0.0,0.0,0.0
Thorncliffe Park,1585,34,28200,16080,4085,4440,3275,2405,1880,1270,1100,790,645,515,0.3,5365,745,True,Thorncliffe Park,3.0,0.1892744479495268,1.8927444794952681
Leaside-Bennington,665,44.4,54400,3445,795,745,545,640,725,905,895,1185,2135,7975,0.4,5170,445,False,,0.0,0.0,0.0
Broadview North,495,42.4,35600,5990,1410,1315,1390,990,885,830,920,975,1040,1205,0.3,2125,575,False,Broadview North,1.0,0.20202020202020202,2.0202020202020203
Old East York,400,44,40000,3710,690,735,795,580,900,740,675,940,1355,1735,0.3,2325,340,False,Old East York,1.0,0.25,2.5
Danforth-East York,1015,42,41200,6315,1395,1455,1075,1185,1210,1455,1490,2155,2260,3385,0.3,4470,695,False,,0.0,0.0,0.0
Woodbine-Lumsden,480,41.6,41200,3230,655,655,640,635,645,905,710,795,840,1440,0.3,1885,305,False,Woodbine-Lumsden,1.0,0.20833333333333334,2.0833333333333335
Taylor Massey,990,37.2,30800,10655,2455,2215,2365,1955,1665,1180,990,960,750,485,0.3,3680,730,False,,0.0,0.0,0.0
East End Danforth,1170,40.8,41200,9025,2515,1905,1675,1465,1460,1680,1750,1940,3160,4285,0.3,5360,925,False,,0.0,0.0,0.0
The Beaches,1090,43.6,52000,5980,1595,990,1085,1120,1200,1250,1555,1705,2805,8210,0.4,5495,625,False,,0.0,0.0,0.0
Woodbine Corridor,750,40.8,44800,4680,1205,880,1030,720,845,685,1110,1270,1680,2785,0.3,3180,525,False,,0.0,0.0,0.0
Greenwood-Coxwell,915,38.8,40000,6140,1655,1115,1245,1065,1065,945,1415,1420,1645,2555,0.3,3275,575,False,Greenwood-Coxwell,4.0,0.4371584699453552,4.371584699453552
Danforth,500,41.6,40800,3065,920,705,440,555,440,635,975,1115,1225,2285,0.3,2415,270,False,Danforth,2.0,0.4,4.0
Playter Estates-Danforth,320,42.8,42400,2715,725,620,460,555,350,455,500,675,1035,2295,0.4,1705,200,False,,0.0,0.0,0.0
North Riverdale,480,43.2,46800,3575,895,750,580,740,620,705,740,690,1590,3990,0.4,2805,375,False,North Riverdale,1.0,0.20833333333333334,2.0833333333333335
Blake-Jones,365,40.4,34800,3585,1025,745,745,545,520,435,695,420,825,1515,0.4,1660,430,False,Blake-Jones,2.0,0.547945205479452,5.47945205479452
South Riverdale,1460,38.8,42800,10905,3190,2320,1960,1665,1775,2065,2005,2425,3620,6790,0.3,5630,1000,False,South Riverdale,5.0,0.3424657534246575,3.4246575342465753
Cabbagetown-South St. James Town,380,45.2,41600,5100,1680,1070,850,775,725,840,910,835,1035,2290,0.4,1370,285,False,,0.0,0.0,0.0
Regent Park,600,35.2,31400,8360,2450,1995,1515,1415,990,840,910,830,825,980,0.3,2040,805,True,Regent Park,3.0,0.5,5.0
Moss Park,645,35.6,38800,11940,4855,2445,2030,1440,1170,1215,1380,1445,1835,3675,0.4,1735,710,False,Moss Park,4.0,0.6201550387596899,6.2015503875969
North St. James Town,725,36.4,31600,12990,3940,2850,2310,2325,1565,1080,1330,1080,1115,945,0.3,2840,835,False,,0.0,0.0,0.0
Kensington-Chinatown,490,34.8,30200,11445,4730,2230,1715,1435,1330,1060,1230,1335,1205,1840,0.4,1805,675,False,Kensington-Chinatown,5.0,1.0204081632653061,10.204081632653061
University,165,36,39200,3115,1105,630,470,425,485,415,365,450,585,1500,0.4,900,175,False,,0.0,0.0,0.0
Palmerston-Little Italy,365,36.8,38800,5815,1775,1180,1080,770,1010,1000,1050,905,1435,2925,0.4,2095,360,False,,0.0,0.0,0.0
Trinity-Bellwoods,500,38,37200,7380,2070,1615,1180,1345,1175,1065,1220,1185,1510,3045,0.4,2505,550,False,Trinity-Bellwoods,3.0,0.6,6.0
Dufferin Grove,385,38,36800,5575,1340,1235,1220,910,870,990,1040,1255,1085,1270,0.3,1990,335,False,Dufferin Grove,1.0,0.2597402597402597,2.5974025974025974
Little Portugal,570,35.2,40800,7305,1770,1775,1150,1445,1165,1260,1380,1525,1735,2270,0.3,2255,505,False,Little Portugal,3.0,0.5263157894736842,5.263157894736842
South Parkdale,705,37.2,32800,13705,3880,3065,2475,2200,2085,1555,1165,1435,1205,1435,0.3,2695,955,True,South Parkdale,2.0,0.28368794326241137,2.8368794326241136
Roncesvalles,680,39.2,40800,6035,1750,1335,925,1035,995,965,1085,1410,2010,3115,0.3,3070,450,False,Roncesvalles,2.0,0.29411764705882354,2.941176470588235
High Park-Swansea,965,40.8,49200,7380,1730,1455,1500,1365,1335,1665,1675,2275,2940,6725,0.4,5070,780,False,,0.0,0.0,0.0
High Park North,955,39.2,42800,9080,2385,1700,1705,1770,1510,1755,1775,1970,2735,4535,0.3,4260,715,False,,0.0,0.0,0.0
Runnymede-Bloor West Village,600,41.6,52000,2475,510,435,485,465,585,610,715,1125,1875,3320,0.3,3130,270,False,,0.0,0.0,0.0
Junction Area,705,39.6,42000,5695,1200,1175,1120,1080,1110,1250,1375,1545,1895,2245,0.3,3160,505,False,Junction Area,3.0,0.425531914893617,4.25531914893617
Weston-Pelham Park,585,39.2,32800,5555,1295,1025,1010,970,1265,895,1410,970,1200,645,0.3,2380,580,True,Weston-Pelham Park,5.0,0.8547008547008548,8.547008547008549
Corso Italia-Davenport,660,40,37200,5840,1035,1260,1145,1240,1155,1010,1375,1655,1490,1830,0.3,3155,600,False,Corso Italia-Davenport,1.0,0.15151515151515152,1.5151515151515151
Wychwood,590,41.2,39200,5460,1365,1200,930,980,990,970,1070,1310,1315,2675,0.4,2745,580,False,Wychwood,1.0,0.1694915254237288,1.694915254237288
Annex,880,39.6,45600,12405,4300,2225,1975,1985,1920,1590,1970,2005,2715,8620,0.5,4085,735,False,Annex,2.0,0.22727272727272727,2.2727272727272725
Casa Loma,345,46,51600,3545,1185,720,570,490,580,605,805,905,1175,4315,0.6,1935,330,False,,0.0,0.0,0.0
Yonge-St. Clair,470,44.8,52800,4335,1170,795,780,705,895,705,900,1150,1385,4420,0.5,2035,335,False,,0.0,0.0,0.0
Rosedale-Moore Park,635,50,56800,5210,1750,1060,755,830,810,950,1160,1510,2155,9100,0.6,3970,510,False,,0.0,0.0,0.0
Mount Pleasant East,845,42,50400,4745,1260,840,840,895,905,905,1350,1325,1975,6065,0.4,4380,480,False,,0.0,0.0,0.0
Yonge-Eglinton,495,38.8,48000,4370,1290,755,785,775,770,725,895,1030,1495,3895,0.4,2845,345,False,,0.0,0.0,0.0
Forest Hill South,335,46,52000,3495,1035,705,690,500,560,575,675,760,1020,4340,0.6,2245,250,False,,0.0,0.0,0.0
Forest Hill North,590,42.4,40000,5095,1220,975,885,1105,915,960,920,800,945,3575,0.4,3010,470,False,,0.0,0.0,0.0
Lawrence Park South,550,42.8,56800,3060,1045,500,525,430,565,660,690,1020,1375,8155,0.5,4330,400,False,,0.0,0.0,0.0
Lawrence Park North,755,42,57600,2795,720,460,465,500,655,655,865,1165,1850,7345,0.4,4815,405,False,,0.0,0.0,0.0
Humewood-Cedarvale,655,39.2,40400,5860,1440,1110,1305,950,1050,685,1095,1050,1495,3660,0.4,3010,495,False,,0.0,0.0,0.0
Oakwood Village,1100,40.8,34400,10540,2380,2320,2150,2030,1655,1855,1680,2125,2310,2200,0.3,4640,1075,False,Oakwood Village,2.0,0.18181818181818182,1.8181818181818181
Briar Hill-Belgravia,715,41.2,34400,7700,1635,1400,1370,1615,1690,1515,1390,1460,1405,1115,0.3,3235,780,False,Briar Hill-Belgravia,1.0,0.13986013986013987,1.3986013986013985
Caledonia-Fairbank,515,40.4,34400,5100,1080,1135,1095,850,930,1055,1090,960,1090,720,0.3,2355,505,False,Caledonia-Fairbank,1.0,0.1941747572815534,1.941747572815534
Keelesdale-Eglinton West,570,41.2,31000,6310,1320,1325,1165,1350,1140,1315,1110,1245,840,565,0.3,2605,580,True,Keelesdale-Eglinton West,2.0,0.3508771929824561,3.5087719298245617
Rockcliffe-Smythe,1115,42,32000,12845,3110,3150,2615,1995,1970,2000,2055,2435,1765,1140,0.3,4570,1375,True,Rockcliffe-Smythe,3.0,0.26905829596412556,2.690582959641256
Beechborough-Greenbrook,290,39.6,31400,4050,975,955,950,600,570,685,570,355,355,245,0.3,1115,580,True,Beechborough-Greenbrook,1.0,0.3448275862068966,3.4482758620689653
Weston,1120,38.8,32400,11860,3165,2830,2060,2125,1680,1560,1615,1290,1320,1030,0.3,3375,1360,True,Weston,1.0,0.08928571428571429,0.8928571428571428
Lambton Baby Point,435,40.8,43600,3085,755,705,625,445,560,570,565,500,965,2280,0.4,2190,410,False,Lambton Baby Point,1.0,0.22988505747126436,2.2988505747126435
Mount Dennis,710,39.2,32400,8335,1670,1800,1600,1635,1630,1480,1200,1000,750,295,0.2,2680,1085,True,Mount Dennis,2.0,0.28169014084507044,2.8169014084507045
Steeles,735,49.2,27800,13680,3555,3140,2685,2125,2175,1945,1995,1810,1955,1380,0.3,4990,985,False,,0.0,0.0,0.0
Tam O'Shanter-Sullivan,1255,44,31000,16420,3600,3630,3195,2995,2995,2475,2000,2380,2340,1585,0.3,6345,1300,False,Tam O'Shanter-Sullivan,2.0,0.1593625498007968,1.5936254980079683
Wexford/Maryvale,1260,41.2,32800,15490,3180,3115,3195,3020,2980,2840,2800,2700,3025,1490,0.3,6620,1505,False,Wexford/Maryvale,1.0,0.07936507936507936,0.7936507936507936
Clairlea-Birchmount,1440,39.2,34000,14025,2830,2840,3195,2675,2485,2555,3025,2760,2645,1830,0.3,6885,1335,False,Clairlea-Birchmount,1.0,0.06944444444444445,0.6944444444444444
Oakridge,790,37.2,28200,10085,2620,2640,1960,1860,1000,1050,1080,510,660,315,0.3,3015,745,True,Oakridge,4.0,0.5063291139240507,5.063291139240507
Birchcliffe-Cliffside,1100,44.4,39600,9420,2055,1785,2070,1860,1650,2025,2250,2295,2570,4140,0.4,5500,970,False,Birchcliffe-Cliffside,1.0,0.09090909090909091,0.9090909090909091
Cliffcrest,720,43.2,35200,7485,1525,1675,1625,1295,1360,1405,1515,1750,1770,2210,0.3,4105,680,False,Cliffcrest,2.0,0.2777777777777778,2.7777777777777777
Kennedy Park,745,41.6,30200,10825,2855,2060,2030,1975,1905,1630,1450,1400,1240,565,0.3,3545,1070,True,Kennedy Park,2.0,0.2684563758389262,2.6845637583892614
Ionview,735,39.2,31600,8565,1715,1690,1640,1745,1780,1365,1545,675,760,445,0.2,3085,805,True,,0.0,0.0,0.0
Dorset Park,1215,40.4,31000,14820,3005,3150,3110,2995,2550,2415,2420,2195,1705,755,0.3,5740,1365,False,Dorset Park,1.0,0.0823045267489712,0.823045267489712
Agincourt South-Malvern West,945,40.8,30400,14795,3185,2995,3185,2645,2785,2115,2080,1930,1910,1335,0.3,5325,1105,False,Agincourt South-Malvern West,3.0,0.31746031746031744,3.1746031746031744
Agincourt North,965,46.4,28200,15935,3410,3295,3580,3095,2560,3060,2635,2495,2075,1340,0.3,6340,1345,False,Agincourt North,2.0,0.20725388601036268,2.0725388601036268
Milliken,970,46,27200,15125,3720,3890,2740,2480,2290,2335,1750,1875,1715,1180,0.3,5375,1160,False,Milliken,5.0,0.5154639175257731,5.154639175257732
Centennial Scarborough,615,44.4,43200,3430,555,605,610,820,835,1280,1640,1975,2380,2680,0.3,3800,535,False,Centennial Scarborough,1.0,0.16260162601626016,1.6260162601626016
Highland Creek,415,44.8,33200,4875,1185,920,835,815,1130,1340,1270,1670,1820,1655,0.3,3150,400,False,Highland Creek,1.0,0.24096385542168677,2.4096385542168677
Morningside,835,38.8,32000,9960,2225,1995,1935,1945,1865,1980,1620,1540,1655,905,0.3,4160,950,True,Morningside,2.0,0.23952095808383234,2.395209580838323
West Hill,1330,40,31000,16055,4080,3395,3050,2990,2540,2795,2785,2755,2495,1250,0.3,5915,1955,True,West Hill,8.0,0.6015037593984963,6.015037593984963
Eglinton East,1110,38.8,31400,14290,2820,3170,3395,2590,2310,2410,1830,1975,1325,710,0.3,5075,1600,True,Eglinton East,2.0,0.18018018018018017,1.8018018018018018
Scarborough Village,885,38,30800,10940,2410,2470,2350,1920,1790,1615,1065,1135,810,960,0.3,3755,1140,True,Scarborough Village,3.0,0.3389830508474576,3.389830508474576
Guildwood,465,48.8,42800,3500,500,635,695,820,840,840,1100,1240,1490,1520,0.3,2290,435,False,Guildwood,1.0,0.21505376344086022,2.150537634408602
Golfdale-Cedarbrae-Woburn,1470,36.4,29400,17310,4285,3665,3380,3090,2885,2475,2250,2325,1780,950,0.3,6085,1440,True,Golfdale-Cedarbrae-Woburn,2.0,0.13605442176870747,1.3605442176870748
Woburn North,1295,37.6,30800,16525,4030,3445,3300,3135,2625,2610,2680,1995,1760,1010,0.3,6075,1425,True,Woburn North,3.0,0.23166023166023164,2.3166023166023164
West Rouge,830,44,37600,7560,1255,1400,1560,1505,1840,2175,2405,2460,3015,3060,0.3,5195,950,False,,0.0,0.0,0.0
Morningside Heights,1225,38,32400,10940,1515,1625,2385,2680,2735,2975,3290,3150,3060,1530,0.2,6780,1050,False,Morningside Heights,2.0,0.163265306122449,1.6326530612244898
Malvern West,820,38,29800,10630,1690,2000,2500,2290,2155,1990,1630,1500,1085,480,0.2,4295,945,False,Malvern West,2.0,0.24390243902439024,2.4390243902439024
Malvern East,1095,40,31200,14490,2670,3100,2995,2765,2960,2880,2895,2335,2525,970,0.2,6030,1680,False,Malvern East,4.0,0.365296803652968,3.65296803652968
L'Amoreaux West,780,47.6,29600,12945,3000,2840,2515,2380,2220,1785,1815,1695,1800,1505,0.3,4880,1170,False,L'Amoreaux West,1.0,0.1282051282051282,1.2820512820512822
East L'Amoreaux,780,43.6,29400,12925,2970,2700,2545,2695,2020,2155,2135,1760,1405,1110,0.3,5035,1190,False,East L'Amoreaux,3.0,0.38461538461538464,3.8461538461538463
Parkwoods-O'Connor Hills,605,43.2,35600,6765,1315,1180,1375,1500,1390,1060,1020,1245,1640,2240,0.3,3765,760,False,,0.0,0.0,0.0
Fenside-Parkwoods,940,39.2,33600,12160,2485,2450,2810,2240,2170,1900,1685,1840,1850,1080,0.3,4275,1480,False,Fenside-Parkwoods,1.0,0.10638297872340426,1.0638297872340425
Yonge-Doris,735,38,33600,11590,4135,2040,1750,2200,1470,1465,1660,1755,1890,1800,0.3,4170,845,False,Yonge-Doris,1.0,0.13605442176870747,1.3605442176870748
East Willowdale,665,41.2,33600,7200,2545,1405,1255,1075,920,1200,1235,1225,1535,3085,0.4,3930,690,False,East Willowdale,1.0,0.15037593984962408,1.5037593984962407
Avondale,630,35.2,41600,6700,2445,1165,1020,1155,925,950,1170,1225,1915,1835,0.4,2700,460,False,,0.0,0.0,0.0
Oakdale-Beverley Heights,1215,39.6,31400,13175,2845,2980,2880,2280,2185,1925,2005,1955,1490,875,0.3,4360,1560,True,Oakdale-Beverley Heights,2.0,0.1646090534979424,1.646090534979424
Downsview,935,40,34800,9720,1655,2005,2050,2050,1960,1785,1895,1805,1560,1195,0.3,3900,1020,True,Downsview,1.0,0.10695187165775401,1.0695187165775402
Bendale-Glen Andrew,860,38,31800,10865,2680,2655,2050,1885,1595,1765,1935,1650,1615,855,0.3,4060,820,False,Bendale-Glen Andrew,1.0,0.11627906976744186,1.1627906976744187
Bendale South,420,39.2,31200,6085,1040,1275,1465,1255,1055,960,1250,1000,900,530,0.3,2485,510,False,Bendale South,2.0,0.4761904761904762,4.761904761904763
Islington,960,43.6,40400,8870,1885,1970,1605,1570,1845,2070,2030,2690,2705,5105,0.3,5860,935,False,Islington,1.0,0.10416666666666667,1.0416666666666667
Etobicoke City Centre,1245,36.4,41200,11265,2810,2285,1870,2115,2180,2235,2370,2520,2870,2335,0.3,4145,925,False,,0.0,0.0,0.0
Mimico-Queensway,970,40.8,40400,7360,1940,1410,1425,1200,1390,1295,1440,2105,2000,2840,0.3,3750,615,False,Mimico-Queensway,2.0,0.2061855670103093,2.061855670103093
Humber Bay Shores,795,38,46400,10080,2825,1930,1745,1580,2005,1835,1975,2440,2740,3525,0.4,2595,750,False,,0.0,0.0,0.0
West Queen West,495,36,56000,4630,1420,885,840,705,770,985,1180,1300,1805,3270,0.4,1440,415,False,West Queen West,1.0,0.20202020202020202,2.0202020202020203
Fort York-Liberty Village,645,32.4,54800,7105,2000,1290,1190,1210,1420,1655,2085,2110,2880,4080,0.3,1805,380,False,,0.0,0.0,0.0
Wellington Place,710,30.8,56400,9825,3690,1525,1645,1495,1465,1635,1990,2690,3270,6160,0.4,1720,270,False,,0.0,0.0,0.0
Harbourfront-CityPlace,1030,32,50800,11760,4145,1945,1950,1795,1930,2185,2415,3030,3765,4980,0.3,2885,570,False,Harbourfront-CityPlace,2.0,0.1941747572815534,1.941747572815534
St Lawrence-East Bayfront-The Islands,1045,35.2,50400,13055,4505,2525,2015,2075,1945,2275,2570,2650,3950,6795,0.4,3360,885,False,St Lawrence-East Bayfront-The Islands,3.0,0.28708133971291866,2.8708133971291865
Church-Wellesley,495,33.6,38800,12960,5305,2065,1855,2000,1735,1590,1750,1740,2075,2205,0.4,1525,380,False,Church-Wellesley,2.0,0.40404040404040403,4.040404040404041
Downtown Yonge East,480,32.8,40800,9350,4025,1680,1335,1170,1130,1090,1150,1445,1730,2930,0.4,1515,365,False,Downtown Yonge East,1.0,0.20833333333333334,2.0833333333333335
Bay-Cloverhill,370,29.8,36800,9715,4865,1430,1130,1215,1075,900,1105,1275,1195,2480,0.5,1315,390,False,Bay-Cloverhill,1.0,0.2702702702702703,2.7027027027027026
Yonge-Bay Corridor,500,31,40400,6880,2985,1420,1030,765,670,845,840,965,1195,1920,0.4,1370,335,False,,0.0,0.0,0.0
Junction-Wallace Emerson,1135,37.6,37200,11315,2595,2250,2080,2205,2185,2255,1990,2480,2365,2775,0.3,4725,940,False,Junction-Wallace Emerson,2.0,0.1762114537444934,1.762114537444934
Dovercourt Village,445,39.2,34800,6000,1435,1360,1300,750,1155,1060,1000,1125,1225,1970,0.3,2335,475,False,Dovercourt Village,3.0,0.6741573033707865,6.741573033707866
North Toronto,535,35.2,41200,8480,2630,1595,1555,1240,1465,1540,1570,1525,1340,1430,0.3,2005,570,False,North Toronto,1.0,0.1869158878504673,1.8691588785046729
South Eglinton-Davisville,910,36,46000,10335,3305,1725,1745,1640,1925,2010,1995,2215,2635,3550,0.4,3220,720,False,,0.0,0.0,0.0
